nx,nt,dx,dt,nu,L2 Error,Max Error,Execution Time (s)
50,100,0.04,0.002,0.1,0.004324649777741944,0.02251362715186657,0.08222603797912598
100,200,0.02,0.001,0.1,0.0018817642289457104,0.011330555946745598,0.39049243927001953
200,400,0.01,0.0005,0.1,0.0008775438654153051,0.005680942950968736,1.6082401275634766
300,600,0.0067,0.00033,0.1,0.0002784273397929167,0.0018594312572380728,3.6379311084747314
