nx,nt,dx,dt,nu,L2 Error,Max Error,Execution Time (s)
50,100,0.04,0.002,0.1,0.003964000251439261,0.02251362715186657,0.05561637878417969
100,200,0.02,0.001,0.1,0.0018178088297294598,0.011330555946745598,0.6636064052581787
200,400,0.01,0.0005,0.1,0.0008678826658193027,0.005680942950968736,0.9589834213256836
300,600,0.0067,0.00033,0.1,0.0002778632789546732,0.0018594312572380728,2.150984525680542
